address,street,number,name
1371 Wilson Rd N,Wilson,905-720-4552,Branch w ATM
2 Simcoe St S,Simcoe,905-571-5927,Branch w ATM
540 Laval Dr,Laval,905-576-9560,Branch w ATM
500 Rossland Rd W,Rossland,905-436-6512,Branch w ATM
1423 Durham Regional Hwy 2,Durham Regional Hwy,905-571-6031,Branch w ATM
555 Rossland Rd E,Rossland,800-465-2422,ATM
308 Taunton Rd E,Taunton,905-655-0463,Branch w ATM
80 Thickson Rd S,Thickson,905-430-1801,Branch w ATM
101 Brock St N,Brock,905-668-3352,Branch w ATM
1 Mary St N,Mary,905-576-1726,Branch w ATM
250 Taunton Rd E,Taunton,800-465-2422,ATM
258 Park Rd S,Park,800-465-2422,ATM
1519 Dundas St E,Dundas,800-465-2422,ATM
